sku,name,step,price_before_rub,price_after_rub,pv,inci,url,currency,region,source_category
R00003,Атоми Фэйм Набор | Atomy Russia,,8800,8000,55000,"Aqua/water/eau, pyrus malus (apple) fruit water, betaine, glycerin, 1,2-hexanediol, methylpropanediol, houttuynia cordata extract, lavandula angustifolia (lavender) extract, rosmarinus officinalis (rosemary) leaf extract, ocimum basilicum (basil) flower/leaf extract, anthemis nobilis flower extract, foeniculum vulgare (fennel) fruit extract, centella asiatica extract, ficus carica (fig) fruit extract, diospyros kaki leaf extract, portulaca oleracea extract, laminaria japonica extract, eclipta prostrata leaf extract, phellinus linteus extract, cordyceps sinensis extract, sparassis crispa extract, ulmus davidiana root extract, amaranthus caudatus seed extract, camellia sinensis leaf extract, camellia sinensis leaf water, aloe barbadensis leaf juice, hydrogenated lecithin, argania spinosa kernel oil, sodium hyaluronate, polyglyceryl-10 laurate, carbomer, dipropylene glycol, diphenyl dimethicone, triethylexanoin, tromethamine, butylene glycol, panthenol, biosaccharide gum-1, tocopheryl acetate, beta glucan, dimethicone, squalane, hydrogenated polyisobutene, dipotassium glycyrrhizate, bifida ferment lysate, polyglyceryl- 10 myristate, isononyl isononandate, polyglyceryl-10 stearate, disodium edta, caprylic/capric triglyceride, cetearyl alcohol, stearic acid, butyrospermum park shea butter, polyglyceryl-2 dipolyhydroxystearate, fructooligosaccharides, lecithin, cellulose gum, ceramide np. Hydrovized hyaluronic acid, inulin lauryl carbamate, disodium steardyl glutamate sodium hyaluronate crosspolymer, hvaluronic acid, palmitoyl pentapeptide 4, hydrolyzed sodium hyalurginate polysorbate 20, fragranance, pentylene glycol, ethylmexylglicerin.",https://www.atomy.ru/product/R00003,RUB,RU,https://www.atomy.ru/category?dispCtgNo=2504003386&sortType=POPULAR
R00192,Атоми Фэйм Крем для кожи вокруг Глаз | Atomy Russia,,1750,1600,11700,"Aqua/water/eau, hydrogenated poly(c6-14 olefin), glycerin, caprylic/capric triglyceride, propanediol, o hydrogenated lecithin, dimethicone, butyrospermum parkii (shea) butter, 1,2-hexanediol, pyrus malus (apple) fruit water, cem alcohol, centella asiatica extract, ficus carica (fig) fruit extract, laminaria japonica extract, eclipta prostrata leaf extract, houttuynia cordata extract, lavandula angustifolia (lavender) extract, rosmarinus officinalis (rosemary) leaf extract, ocimum basilicum (basil) flower/leaf extract, anthemis nobilis flower extract, foeniculum vulgare (fennel) fruit o extract, diospyros kaki leaf extract, portulaca oleracea extract, citrus grandis (grapefruit) peel extract, ginkgo biloba leaf extract, phellinus linteus extract, salix nigra (willow) bark extract, cordyceps sinensis extract, ulmus davidiana root extract, amaranthus caudatus seed extract, sparassis crispa extract, camellia sinensis leaf extract, camellia sinensis leaf water, aloe barbadensis leaf juice, argania spinosa kernel oil, sodium hyaluronate, tocopheryl acetate, butylene glycol, carbomer, palmitic acid, tromethamine, stearic acid, biosaccharide gum-1, potassium cetyl phosphate, beta-glucan, squalane, hydrogenated polyisobutene, panthenol, bifida ferment lysate, cetearyl alcohol, adenosine, behenyl alcohol, isononyl isononanoate, polyglyceryl-10 stearate, polyglyceryl-2 dipolyhydroxystearate, fructooligosaccharides, glyceryl stearate se, cholesterol, hydrolyzed hyaluronic acid, inulin lauryl carbamate, ceramide np, myristic acid, hydrolyzed lupine protein, niacinamide, disodium stearoyl glutamate, acetyl glucosamine, creatine, hydrolyzed extensin, xanthan gum, sodium hyaluronate crosspolymer, hyaluronic acid, palmitoyl pentapeptide-4, hydrolyzed sodium hyaluronate, polysorbate 20, fragrance(parfum), ethylhexylglycerin, pentylene glycol.",https://www.atomy.ru/product/R00192,RUB,RU,https://www.atomy.ru/category?dispCtgNo=2504003386&sortType=POPULAR
R00198,Атоми Фэйм Питательный Крем | Atomy Russia,,1750,1600,11700,"Aqua/water/eau, glycerin, isohexadecane, pyrus malus (apple) fruit water, triethylexanoin, sorbitan stearate, cetyl alcohol, 1,2-hexanediol, niacinamide, palmitic acid, houttuynia cordata extract, centella asiatica extract, ficus carica (fig) fruit extract, lavandula angustifolia (lavender) extract, rosmarinus officinalis (rosemary) leaf extract, ocimum basilicum (basil) flower/leaf extract, anthemis nobilis flower extract, foeniculum vulgare (fennel) fruit extract, diospyros kaki leaf extract, phellinus linteus extract, laminaria japonica extract, eclipta prostrata leaf extract, cordyceps sinensis extract, sparassis crispa extract, ulmus davidiana root extract, amaranthus caudatus seed extract, camellia sinensis leaf extract, camellia sinensis leaf water, hydrogenated lecithin, argania spinosa kernel oil, sodium hyaluronate, stearic acid, dimethicone, tromethamine, sucrose cocoate, sorbitan sesquioleate, carbomer, tocopheryl acetate, butylene glycol, glyceryl acrylate/acrylic acid copolymer, squalane, hydrogenated polyisobutene, beta-glucan, panthenol, bifida ferment lysate, dipropylene glycol, disodium edta, isononyl isononanoate, polyglycervl-10, stearate, dipotassium glycyrrhizate, cetearyl alcohol, butyrospermum parkii (shea) butter, polyglyceryl-2 dipolyhydroxystearate, myristic acid, fructooligosaccharides, ceramide np, caprylic/capric triglyceride, lecithin, inulin lauryl carbamate, hydrolyzed hyaluronic acid, biosaccharide gum-i, polyquaternium-51, disodium stearoyl glutamate, sodium hyaluronate crosspolymer, hyaluronic acid, hydrolyzed sodium hyaluronate, polysorbate 60, fragrance(parfum), ethylhexylglycerin, pentylene glycol.",https://www.atomy.ru/product/R00198,RUB,RU,https://www.atomy.ru/category?dispCtgNo=2504003386&sortType=POPULAR
R00207,Атоми Абсолют СеллАктив Набор | Atomy Russia,,18000,16000,120000,,https://www.atomy.ru/product/R00207,RUB,RU,https://www.atomy.ru/category?dispCtgNo=2504003386&sortType=POPULAR
R00217,Атоми СеллАктив Тонер | Atomy Russia,,3000,2700,18000,"Camellia sinensis leaf water, hylocereus undatus fruit extract, methylpropanediol, propanediol, niacinamide, glycerin, lavandula angustifolia (lavender) flower/leaf/stem extract, rosmarinus officinalis (rosemary) extract, althaea officinalis leaf/root extract, ocimum basilicum (basil) flower/leaf extract, pyrus malus (apple) fruit water, houttuynia cordata extract, anthemis nobilis flower extract, foeniculum vulgare (fennel) leaf extract, 1,2-hexanediol, bifida ferment lysate, camellia sinensis leaf extract, dioscorea japonica root extract, ulmus davidiana root extract, amaranthus caudatus seed extract, phellinus linteus extract, cordyceps sinensis extract, laminaria japonica extract, eclipta prostrata leaf extract, avena sativa (oat) kernel extract, pteris multifida extract, cynara scolymus (artichoke) leaf extract, hydrogenated lecithin, argania spinosa kernel oil, sodium hyaluronate, raffinose, tocopheryl acetate, panthenol, cholesterol, pichia ferment lysate filtrate, caprylic/capric triglyceride, polyglyceryl-10 laurate, carbomer, polyquaternium-51, tromethamine, dimethicone, squalane, hydrogenated polyisobutene, dipropylene glycol, saccharomyces/rice ferment filtrate, glycosyl trehalose, ceramide np, beta-glucan, isononyl isononanoate, polyglyceryl-10 stearate, disodium edta, hydrogenated starch hydrolysate, butyleneglycol, cetearyl alcohol, biosaccharide gum-1, stearic acid, butyrospermum parkii (shea) butter, polyglyceryl-2 dipolyhydroxystearate, lecithin, fructooligosaccharides, inulin lauryl carbamate, hydrogenated phosphatidylcholine, isostearyl isostearate, triethylhexanoin, hydrolyzed lupine protein, hydrolyzed hyaluronic acid, tocopheryl linoleate, disodium stearoyl glutamate, hydrogenated polydecene, phospholipids, glyceryl oleate, folic acid, ceramide ng, potassium cetyl phosphate, tocopherol, lactic acid/glycolic acid copolymer, palmitoyl pentapeptide-4, polivinyl alcohol, serine, palmitic acid, glutamine, leucine, aspartic acid, isoleucine, alanine, glycine, glutamic acid, lysine, valine, arginine, tyrosine, tryptophan, phenylalanine, proline, histidine, phytosphingosine, fragrance(parfum), pentylene glycol, ethylhexylglycerin, linalool.",https://www.atomy.ru/product/R00217,RUB,RU,https://www.atomy.ru/category?dispCtgNo=2504003386&sortType=POPULAR
R00227,Атоми СеллАктив Ампула | Atomy Russia,,3400,3100,22000,"Camellia sinensis leaf water, leucojum aestivum bulb extract, glycerin, methylpropanediol, niacinamide, polyglycerin-3, 1,2-hexanediol, hydrogenated lecithin, propanediol, dioscorea japonica root extract, camellia sinensis leaf extract, centella asiatica extract, portulaca oleracea extract, diospyros kaki leaf extract, rosmarinus officinalis (rosemary) leaf extract, chamomilla recutita (matricaria) flower extract, cordyceps sinensis extract, phellinus linteus extract, avena sativa (oat) kernel extract, pteris multifida extract, cynara scolymus (artichoke) leaf extract, bellis perennis (daisy) flower extract, argania spinosa kernel oil, sodium hyaluronate, raffinose, butylene glycol, panthenol, dimethicone, cholesterol, pichia ferment lysate filtrate, bisabolol, acrylates/c10-30 alkyl acrylate crosspolymer, tromethamine, polyquaternium-51, ammonium acryloyldimethyltaurate/vp copolymer, xanthan gum, carnosine, polyglyceryl-10 laurate, glycosyl trehalose, squalane, hydrogénated polyisobutene, ceramidé np, hydrogenated starch hydrolysate, biosaccharide gum-1, adenosine, isononyl isononanoate, polyglyceryl-10 stearate, tocopheryl linoleate, neopentyl glycol diheptanoate, disodium edta, beta-glucan, carbomer, cetearyl alcohol, lecithin, sucrose distearate, stearic acid, butyrospermum parkii (shea) butter, polyglyceryl-2 dipolyhydroxystearate, dihydrocholesteryl butyrate, dihydrocholesteryl oleate, cholesteryl nonanoate, cholesteryl butyrate, triethylhexanoin, hydrogenated polydecene, inulin lauryl carbamate, phospholipids, hydrogenated phosphatidylcholine, isostearylisostearate, hydrolyzed lupine protein, acacia senegal gum, folic acid, gelatin, ceramide ng, disodium stearoyl glutamate, palmitoyl pentapeptide-4, glyceryl oleate, potassium cetyl phosphate, sodium chloride, tocopherol, lactic acid/glycolic acid copolymer, polyvinyl alcohol, dipotassium phosphate, potassium phosphate, lysine, serine, alanine, oligopeptide-1, threonine, palmitic acid, glycine, glutamine, arginine, proline, histidine, phytosteryl oleate, phytosphingosine, fragrance(parfum), pentylene glycol, ethylhexylglycerin, linalool.",https://www.atomy.ru/product/R00227,RUB,RU,https://www.atomy.ru/category?dispCtgNo=2504003386&sortType=POPULAR
R00237,Атоми СеллАктив Сыворотка | Atomy Russia,,3200,2900,20000,"Camellia sinensis leaf water, leucojum aestivum bulb extract, glycerin, methylpropanediol, phellinus linteus extract, hydrogenated poly(c6-14 olefin), saccharomyces/rice ferment filtrate, hydrogenated lecithin, dimethicone, 1,2-hexanediol, triethylhexanoin, phytosqualane, lavandula angustifolia (lavender) flower/leaf/stem extract, rosmarinus officinalis (rosemary) extract, althaea officinalis leaf/root extract, ocimum basilicum (basil) flower/leaf extract, pyrus malus (apple) fruit water, houttuynia cordata extract, anthemis nobilis flower extract, foeniculum vulgare (fennel) leaf extract, ulmus davidiana root extract, amaranthus caudatus seed extract, camellia sinensis leaf extract, diospyros kaki leaf extract, avena sativa (oat) kernel extract, pteris multifida extract, cynara scolymus (artichoke) leaf extract, cordyceps sinensis extract, laminaria japonica extract, eclipta prostrata leaf extract, melia azadirachta flower extract, ocimum sanctum leaf extract, melia azadirachta leaf extract, portulaca oleracea extract, pueraria thunbergiana root extract, glycyrrhiza glabra (licorice) root extract, paeonia lactiflora root extract, cnidium officinale root extract, curcuma longa (turmeric) root extract, corallina officinalis extract, theobroma cacao (cocoa) seed extract, argania spinosa kernel oil, sodium hyaluronate, soluble collagen, aloe barbadensis leaf juice, propanediol, niacinamide, raffinose, ammonium acryloyldimethyltaurate/vp copolymer, butylene glycol, panthenol, tromethamine, carbomer, cholesterol, pichia ferment lysate filtrate, tocopheryl acetate, squalane, polyquaternium-51, hydrogenated polyisobutene, dipropylene glycol, beta-glucan, adenosine, isononyl isononanoate, polyglyceryl-10 stearate, ceramide np, cetearyl alcohol, stearic acid, butyrospermum parkii (shea) butter, polyglyceryl-2 dipolyhydroxystearate, fructooligosaccharides, dextrin, folic acid, inulin lauryl carbamate, hydrolyzed lupine protein, hydrolyzed hyaluronic acid, xanthan gum, disodium stearoyl glutamate, hydrogenated polydecene, phospholipids, hydrogenated phosphatidylcholine, isostearylisostearate, palmitoyl pentapeptide 4, glyceryl oleate, ceramide ng, tocopheryl linoleate, sodium chloride, lecithin tocopherol, lactic acid/glycolic acid copolymer, polyvinyl alcohol, potassium cetyl phosphate, dipotassium phosphate, lysine, oligopeptide- 1, palmitic acid potassium phosphate, glycine, glutamine, serine, alanine, arginine, threonine proline, histidine, phyto'sphingosine, fragrance(parfum), pentylene glycol, ethylhexylglycerin, linalool.",https://www.atomy.ru/product/R00237,RUB,RU,https://www.atomy.ru/category?dispCtgNo=2504003386&sortType=POPULAR
R00257,Атоми СеллАктив крем для кожи вокруг глаз | Atomy Russia,,3200,2900,20000,,https://www.atomy.ru/product/R00257,RUB,RU,https://www.atomy.ru/category?dispCtgNo=2504003386&sortType=POPULAR
R00261,Атоми ББ крем | Atomy Russia,,800,700,3000,"Aqua/water/eau, butylene glycol, cyclomethicone, titanium dioxide, dimethicone, prunus amygdalus dulcis (sweet almond) oil, isopropyl palmitate, talc, butylene glycol dicaprylate/dicaprate, ethylhexyl methoxycinnamate, hexyldecylmyristoyl methylamino propionate, dipentaerythrityl hexahydroxystearate/ hexastearate/hexarosinate, cetyl peg/ppg-10/1 dimethicone, arbutin, zinc oxide, magnesium sulfate, portulaca oleracea extract, phytosqualane, polyglyceryl4 isostearate, hydrogenated poly (c6-14 olefin), tocopheryl acetate, camellia sinensis leaf extract, melissa officinalis leaf extract, rosmarinus officinalis (rosemary) leaf extract, althaea officinalis leaf/root extract, borago officinalis extract, dimethicone/vinyl dimethicone crosspolymer, vinyl dimethicone/ methicone silsesquioxane crosspolymer, disteardimonium hectorite, glyceryl caprylate, caprylyl glycol, trihydroxystearin, methicone, glycosyl trehalose, hydrogenated starch hydrolysate, silica, aluminum hydroxide, aluminum stearate, sulfur, fragrance (parfum), iron oxides (ci 77492), iron oxides(ci 77491), iron oxides(ci t7499).",https://www.atomy.ru/product/R00261,RUB,RU,https://www.atomy.ru/category?dispCtgNo=2504003387&sortType=POPULAR
R00266,Атоми Хэлси Глоу база под макияж | Atomy Russia,,1100,1000,5000,"Aqua/water/eau, butylene glycol, ethylhexyl methoxycinnamate, cyclopentasiloxane, ethylhexyl salicylate, isoamyl p-methoxycinnamate, niacinamide, diethylamino hydroxybenzoyl hexylbenzoate, dicaprylyl carbonate, cetearyl alcohol, behenyl alcohol, titanium dioxide, potassium cetyl",https://www.atomy.ru/product/R00266,RUB,RU,https://www.atomy.ru/category?dispCtgNo=2504003387&sortType=POPULAR
R00267,Атоми Абсолют СеллАктив Питательный крем | Atomy Russia,,3000,2700,18000,"Camellia sinensis leaf water, narcissus tazetta bulb extract, glycerin, triethyl hexanoin, sohexadecane, dimethicone, sorbitan stearate, squalane, bifida ferment lysate, cetearyl alcohol 1,2-hexanediol, ocimum basilicum (basil) flower/leaf extract, pyrus malus (apple) fruit water, houttuynia cordata extract, anthemis nobilis flower extract, althaea officinalis leaf/root extract, lavandula angustifolia (lavender) flower/leaf/stem extract, rosmarinus officinalis (rosemary) extract, foeniculum vulgare (fennel) leaf extract, vegetable oil, caprylic/capric/succinic triglyceride, betaine, methylpropanediol, butylene glycol, palmitic acid, ulmus davidiana root extract, amaranthus caudatus seed extract, sorbitan sesquioleate, stearic acid, sucrose cocoate, dipropylene glycol, hydrogenated lecithin, laminaria japonicà extract, eclipta prostrata leaf extract, behenyl alcohol, pichia ferment lysate filtrate, camellia sinensis leaf extract, hydrogenated polyisobutene, tromethamine, sodium stearoyl glutamate, fragrance, phellinus linteus extract, glyceryl acrylate/acrylic acid copolymer,, beta glucan, polyquaternium-s1, argania spinosa kernel oil, isononyl isononanoate, polyglyceryl-10 stearate, avena sativa (oat) kernei, extract, cynara scolymus (artichoke) leaf extract, pteris multifida extract, glyceryl stearate se, cordyceps sinensis extract, saccharomyces/rice ferment filtrate, carbomer, butyrospermum parkii (shea butter, polyglyceryl-2 dipolyhydroxystearate, fructooligosaccharides, adenosine, disodium edta, melia azadirachta flower extract, ocimum sanctum leaf extract, cholesterol, melia azadirachta leaf extract, ceramide np, dipotassium glycyrrhizate, curcuma longa (turmeric) root extract, diospyros kaki leaf extract, polyglyceryl-10 laurate, propanediol, corallina officinalis extract, niacinamide, raffinose, dextrin, theobroma cacao (cocoa) seed extract, panthenol, inulin lauryl carbamate, hydrolyzed hyaluronic acid, myristic acid, pentylene glycol, hydrogenated polydecene, phospholipids, hydrogenated phosphatidylcholine, isostearyl isostearate, hydrolyzed lupine protein, phytosphingosine, disodium stearov, glutamate, ceramide ng, tocopheryl linoleate, folic acid, lactic acid/glycolic acid copolymer, palmitovl pentapeptide 4, polyvinyl alcohol, ethylhex/lglycerin, potassium cetyl phosphate, glyceryl, oleate, glycine, alanine, isoleucine, serine, arginine, proline, tyrosine, glutamine, lysine, valine, lecithin, tocopherol, aspartic acid.",https://www.atomy.ru/product/R00267,RUB,RU,https://www.atomy.ru/category?dispCtgNo=2504003386&sortType=POPULAR
R00275,Атоми Солнцезащитный Крем | Atomy Russia,,800,700,3000,"Aqua/water/eau, cyclopentasiloxane, ethylhexylmethoxycinnamate, zinc oxide, ethylhexylsalicylate, titanium dioxide, glycerin, dipropylene glycol, peg-10 dimethicone, dicaprylyl carbonate, disteardimonium hectorite, viscum album (mistletoe) leaf extract, centella asiatica extract, portulaca oleracea extract, tocopheryl acetate, camellia sinensis leaf extract, thymus vulgaris (thyme) oil, melissa officinalis extract, althaea officinalis leaf/root extract, perilla ocymoides leaf extract, borago officinalis extract, jasminum officinale (jasmine) extract, dimethicone, magnesium sulfate, aluminum hydroxide, bis-ethylhexyloxyphenol methoxyphenyl triazine, stearic acid, vinyl dimethicone/ methicone silsesquioxane crosspolymer, methicone, caprylyl glycol, polymethylsilsesquioxane, glyceryl caprylate, polyglyceryl-6 polyricinoleate, peg-9 polydimethylsiloxyethyl dimethicone, microcrystalline cellulose, dimethicone/ vinyl dimethicone crosspolymer, cellulose gum, fragrance(parfum), phenoxyethanol.",https://www.atomy.ru/product/R00275,RUB,RU,https://www.atomy.ru/category?dispCtgNo=2504003388&sortType=POPULAR
R00276,Атоми Абсолют Солнцезащитная Эссенция | Atomy Russia,,1100,1000,5000,"Water, ethylhexyl methoxycinnamate, ethylhexyl salicylate, butylene glycol, c12-15 alkyl benzoate, homosalate, diethylamino hydroxybenzoyl hexyl benzoate, octocrylene, titanium dioxide, 1,2-hexanediol, niacinamide, alcohol, hylocereus undatus fruit extract, c20-22 alkyl phosphate, c20-22 alcohols, silica, caprylyl methicone, curcuma longa (turmeric) root extract, salvia hispanica seed extract, glyceryl stearate, behenyl alcohol, aluminum stearate, polyhydroxystearic acid, sodium acrylate/sodium acryloyldimethyl taurate copolymer, tromethamine, isohexadecane, polysorbate 80, propanediol, saccharide hydrolysate, fragrance, polyacrylate crosspolymer-6, alumina, ethylhexylglycerin, glyceryl caprylate, octyldodecanol, xanthan gum, adenosine, portulaca oleracea extract, centella asiatica extract, houttuynia cordata extract, pichia ferment lysate filtrate, camellia sinensis leaf water, glycerin, echium plantagineum seed oil, iron oxides(ci 77492), diospyros kaki leaf extract, iron oxides(ci 77491), helianthus annuus (sunflower) seed oil, unsaponifiables, cardiospermum halicacabum flower/leaf/vine extract, hydrogenated lecithin, raffinose, pentylene glycol, panthenol, cholesterol, hydrolyzed lupine protein, ceramide np, lactic acid/glycolic acid copolymer, polyvinyl alcohol, serine, palmitic acid, glutamine, leucine, aspartic acid, alanine, isoleucine, glycine, glutamic acid, lysine, valine, arginine, tyrosine, phenylalanine, proline, histidine, tryptophan.",https://www.atomy.ru/product/R00276,RUB,RU,https://www.atomy.ru/category?dispCtgNo=2504003388&sortType=POPULAR
R00279,Атоми Абсолют Солнцезащитный Кушон | Atomy Russia,,1550,1400,9000,"aqua/water/eau, zinc oxide, triheptancin, c12-15 alkyl benzoate, phenyl trimeth cone, titan um dioxide, caprylyl methicone, butylene glycol, caprylic, capric triglyceride, niacinam de, methyl methacrylate crosspolymer, polyglyceryl 4 disosterate polyhydroxysterate/sebacate, propylheptyl. caprylate, vinyl dimethicone/methicone silsequioxane crosspolymer, magnesium sulfate, stellaria media chickieed extract, helianthus annuus /sunflower) flower extract, hylocereus undatus fruit extract, vaccinium vitis-daea fruit extract, lespedeza capitatà leaf/stem extract, aloe barbadensis leaf extract, althaea rosea flower extract, solidago virgaurea (goldenrod) extract, eugenia caryophyllus clove) bud extract, hydrogenated lecithin, camellia sinensis leaf water, stearic acid, aluminum hydroxide triethoxycaprylylsilane, disostearyl malate, polygly ceryl-6 polyricinoleate, dicaprylyl carbonate, glyceryl caprylate caprylyl glycol, disteardimonium hectorite, ethylhexylglycerin, adenosine, mica, propanediol 1,2-hexanediol, polymethylsilsesquioxane, silica, tocopherol, glycerin, cerium oxide, hydrogen dinethicone, madecassic acid, asiaticoside, asiatic acid, polyhydroxystearic acid, raffinose, pentylene glycol, panthenol cholesterol, hydrolyzed lupine protein potassium metabisulfite ceramide np, tromethamine glycolic acid, lactic acid, polyvinyl alcohol, palmitic acid, serine, glutamine, leucine, aspartic acid, isoleucine, alanine, glycine, glutamic acid, lysine, arginine, phenylalanine, proline, histidine, valine, tyrosine, tryptophan, fragrance (parfumi, iron oxides/ci 71492), iron oxides c 77491), iron oxides 0/7/435).",https://www.atomy.ru/product/R00279,RUB,RU,https://www.atomy.ru/category?dispCtgNo=2504003388&sortType=POPULAR
R00285,Атоми Солнцезащитный крем (тонирующий) | Atomy Russia,,800,700,3000,"Aqua/water/eau, cyclopentasiloxane, ethylhexyl methoxycinnamate, zinc oxide, ethylhexyl salicylate, titanium dioxide, glycerin, dipropylene glycol, peg-10 dimethicone, dicaprylyl carbonate, disteardimonium hectorite, viscum album (mistletoe) leaf extract, centella asiatica extract, portulaca oleracea extract, tocopheryl acetate, camellia sinensis leaf extract, thymus vulgaris (thyme) oil, melissa officinalis extract, althaea officinalis leaf/root extract, perilla ocymoides leaf extract, borago officinalis extract, jasminum officinale (jasmine) extract, magnesium sulfate, dimethicone, aluminum hydroxide, bis-ethylhexyloxyphenol methoxyphenyl triazine, mica, stearic acid, methicone, vinyl dimethicone/methicone silsesquioxane crosspolymer, caprylyl glycol, dimethicone/ vinyl dimethicone crosspolymer, polymethylsilsesquioxane, glyceryl caprylate, polyglyceryl-6 polyricinoleate, peg-9 polydimethylsiloxyethyl dimethicone, microcrystalline cellulose, cellulose gum, aminopropyl dimethicone, triethoxycaprylylsilane, fragrance(parfum), phenoxyethanol, iron oxides(ci 77492), iron oxides(ci 77491), iron oxides(ci 77499).",https://www.atomy.ru/product/R00285,RUB,RU,https://www.atomy.ru/category?dispCtgNo=2504003388&sortType=POPULAR
R00286,Атоми Солнцезащитный Стик | Atomy Russia,,900,800,4000,"Butylene glycol dicaprylate/dicaprate, octyldodecanol, propylheptyl caprylate, octocrylene, ethylhexyl methoxycinnamate, dicaprylyl carbonate, ethylhexyl salicylate, dibutyl lauroyl glutamide, dibutyl ethylhexanoyl glutamide, bis-ethylhexyloxyphenol methoxyphenyl triazine, diethylamino hydroxybenzoyl hexyl benzoate, tocopheryl acetate, silica, dextrin palmitate, polyamide-8, bisabolol, citrus aurantium dulcis (orange) oil, citrus nobilis (mandarin orange) peel oil, dehydroacetic acid, echium plantagineum seed oil, litsea cubeba fruit oil, pentaerythrityl tetra-di-t-butyl, hydroxyhydrocinnamate, cardiospermum halicacabum flower/leaf/vine extract, helianthus annuus (sunflower) seed oil unsaponifiables, diospyros kaki leaf extract, glycerin, aqua/water/eau, pancratium maritimum extract.",https://www.atomy.ru/product/R00286,RUB,RU,https://www.atomy.ru/category?dispCtgNo=2504003388&sortType=POPULAR
R00289,Атоми Абсолют BB | Atomy Russia,,1550,1400,8000,"Water, cyclopentasiloxane, titanium dioxide, zinc oxide, ethylhexyl methoxycinnamate, ethylhexyl salicylate, isododecane, methylpropanediol, lauryl peg-10 tris(trimethylsiloxy)silylethyl dimethicone, glycerin, niacinamide, caprylyl methicone, diisostearyl malate, diphenylsiloxy phenyl trimethicone, tridecyl trimellitate, dimethicone/vinyl dimethicone, crosspolymer, c12-15 alkyl benzoate, dimethicone, disteardimonium hectorite, magnesium sulfate, hylocereus undatus fruit extract, iron oxides(ci 77492), triethoxycaprylylsilane, silica dimethyl silylate, acrylates/dimethicone copolymer, aluminum hydroxide, silica, caprylyl glycol, glyceryl caprylate, polyglyceryl-6 polyricinoleate, tribehenin, iron oxides(ci 77491), fragrance, ethylhexylglycerin, allantoin, tocopheryl acetate, iron oxides(ci 77499), disodium stearoyl glutamate, adenosine, sodium hyaluronate, pichia ferment lysate filtrate, camellia sinensis leaf water, hydrogenated lecithin, propanediol, tocopherol, pentylene glycol, raffinose, panthenol, cholesterol, hibiscus sabdariffa flower extract, hydrolyzed lupine protein, persea gratissima (avocado) oil, oryza sativa (rice) bran oil, vegetable oil, helianthus annuus (sunflower) seed wax, oryza sativa (rice) bran wax, rhus succedanea fruit wax, ceramide NP, tromethamine, lactic acid/glycolic acid copolymer, alanine, arginine, ascorbyl palmitate, aspartic acid, glutamic acid, glutamine, glycine, histidine, isoleucine, leucine, lysine, palmitic acid, phenylalanine, polyvinyl alcohol, proline, serine, tryptophan, tyrosine, valine.",https://www.atomy.ru/product/R00289,RUB,RU,https://www.atomy.ru/category?dispCtgNo=2504003387&sortType=POPULAR
R00305,Атоми Ивнинг Кеар Пенка для умывания | Atomy Russia,,850,750,3000,"Glycerin, myristic acid, aqua/water/eau, butylene glycol, potassium cocoyl glycinate, potassium hydroxide, stearic acid, cocamidopropyl betaine, lauric acid, sodium methyl cocoyl taurate, peg-40 stearate, glyceryl stearate, peg-100 stearate, fragrance(parfum),cordyceps sinensis extract, phellinus linteus/rice ferment extract, phellinus linteus extract, sophora angustifolia root extract, rheum palmatum root/stalk extract, scutellaria baicalensis root extract, phellodendron amurense bark extract, lavandula angustifolia (lavender) flower/leaf/stem extract, rosmarinus officinalis (rosemary) extract, althaea officinalis leaf/root extract, ocimum basilicum (basil) flower/leaf extract, houttuynia cordata extract, anthemis nobilis flower extract, foeniculum vulgare (fennel) leaf extract, pyrus malus (apple) fruit water, tocopheryl acetate, beta-glucan, trisodium edia, 1,2-hexanediol.",https://www.atomy.ru/product/R00305,RUB,RU,https://www.atomy.ru/category?dispCtgNo=2504003386&sortType=POPULAR
R00315,Атоми Ивнинг Кеар Пилинг Гель | Atomy Russia,,850,750,3000,,https://www.atomy.ru/product/R00315,RUB,RU,https://www.atomy.ru/category?dispCtgNo=2504003386&sortType=POPULAR
R00325,Атоми Ивнинг Кеар Очищение | Atomy Russia,,850,750,3000,"Mineral oil, aqua/water/eau, propylene glycol, petrolatum, isopropyl myristate, polysorbate 60, cetyl alcohol, glyceryl stearate, caprylic/capric triglyceride, peg-100 stearate, centella asiatica extract, ficus carica (fig) fruit extract, daucus carota sativa (carrot) root extract, ginkgo biloba leaf extract, panax ginseng root extract, macadamia ternifolia seed oil, camellia sinensis leaf water, hydrogenated lecithin, dimethicone, beeswax, sorbitan stearate, sorbitan sesquioleate, carbomer, tromethamine, disodium edta, tocopheryl acetate, stearyl glycyrrhetinate, ceramide np, fragrance(parfum), 1,2-hexanediol, phenoxyethanol, ethylhexylglycerin.",https://www.atomy.ru/product/R00325,RUB,RU,https://www.atomy.ru/category?dispCtgNo=2504003386&sortType=POPULAR
R00335,Атоми Ивнинг Кеар Маска | Atomy Russia,,850,750,3000,,https://www.atomy.ru/product/R00335,RUB,RU,https://www.atomy.ru/category?dispCtgNo=2504003386&sortType=POPULAR
R00355,Атоми Ивнинг Кеар Набор | Atomy Russia,,3200,2900,12000,,https://www.atomy.ru/product/R00355,RUB,RU,https://www.atomy.ru/category?dispCtgNo=2504003386&sortType=POPULAR
R00400,Атоми Блеск для Губ | Atomy Russia,,1000,900,4500,"Hydrogenated polyisobutene, diisostearyl malate, phytosteryl/isostearyl yl/cetyl/stearyl/behenyl dimer dilinoleate, pentaerythrityl tetraisostearate, polyethylene, ethylhexyl methoxycinnamate, jojoba esters, tridecyl trimellitate, dipentaerythrityl hexahydroxystearate/hexastearate/hexarosinate, caprylyl methicone, trioctyldodecyl citrate, octyldodecanol, microcrystalline wax, ethylhexyl salicylate, glyceryl behenate/eicosadioate, ceresin, phenoxyethanol, caprylyl glycol, fragrance, butyrospermum parkii (shea) butter, glyceryl caprylate, red 27(ci 45410:1), titanium dioxide, red 6(ci 15850), red 7 lake, persea gratissima (avocado) oil, rosa canina fruit oil, rosa damascena flower oil.",https://www.atomy.ru/product/R00400,RUB,RU,https://www.atomy.ru/category?dispCtgNo=2504003387&sortType=POPULAR
R00460,Атоми Бальзам для Губ | Atomy Russia,,450,400,2000,"Petroleum, octyldodecanol, diisostearyl malate, butyrospermum parkii, (shea) butter, jojoba esters, polyethylene, olea europaea (olive) fruit oil, hydrogenated polyisobutene, meadowfoam delta-lactone, microcrystalline wax, ceresin, hydrogenated coco-glycerides, euphorbia cerifera (candelilla) wax, polyglyceryl-2, triisostearate, prunus amygdalus dulcis (sweet, almond) oil, phenoxyethanol, caprylyl glycol, fragrance, glyceryl, caprylate, mangifera, indica (mango) seed butter, tocopheryl acetate, sodium saccharin, persea gratissima(avocado) oil, rosa canina fruit oil, rosa damascena flower oil.",https://www.atomy.ru/product/R00460,RUB,RU,https://www.atomy.ru/category?dispCtgNo=2504003387&sortType=POPULAR
R00464,Атоми Морские патчи для глаз | Atomy Russia,,1550,1400,9000,"Aqua/water/eau, glycerin, niacinamide, carrageenan, oyster shell extract, sea sili extract, undaria pinnatifida extract, hizikia fusiforme extract, medicago sativa (alfalfa) extract, ecklonia cava extract, gelidium cartilagineum extract, actinidia polygama fruit extract, viola mandshurica flower extract, hydrolyzed collagen, silt, laminaria japonica extract, camellia sinensis leaf extract, ginkgo biloba leaf extract, triticum vulgare (wheat) sprout extract, camellia japonica leaf extract, brassica oleracea italica (broccoli) sprout extract, eruca sativa leaf extract, 1,2-hexanediol, butylene glycol, centella asiatica extract, ficus carica (fig) fruit extract, eclipta prostrata leaf extract, acmella oleracea extract, ulmus davidiana root extract, amaranthus caudatus seed extract, sodium hyaluronate, hydrogenated lecithin, ceratonia siliqua (carob) gum, algin, potassium chloride, glucomannan, xanthan gum, dextrin, allantoin, dipotassium glycyrrhizate, adenosine sucrose, disodium edta, fructooligosaccharides, beta-glucan, hydrolyzed hyaluronic acid, ceramide np, fragrance(parfum), sargassum fulvellum extract, hydroxyacetophenone, gardenia florida fruit extract, theobroma cacao (cocoa seed extract.",https://www.atomy.ru/product/R00464,RUB,RU,https://www.atomy.ru/category?dispCtgNo=2504003386&sortType=POPULAR
R00465,Атоми Дейли Маска Увлажнение | Atomy Russia,,1000,900,4000,"Aqua/water/eau, glycerin, dipropylene glycol, betaine, beta-glucan, sodium hyaluronate, sea water, panthenol, bifida ferment lysate, centella asiatica extract, ficus carica (fig) fruit extract, cetraria islandica extract, camellia sinensis leaf extract, phellinus linteus extract, hydrogenated lecithin, trehalose, polyglyceryl-10 laurate, carbomer, tromethamine, disodium edta, ceramide np, 1,2-hexanediol, fragrance(parfum), hydroxyacetophenone.",https://www.atomy.ru/product/R00465,RUB,RU,https://www.atomy.ru/category?dispCtgNo=2504003386&sortType=POPULAR
R00466,Атоми Дейли Маска Улучшающая цвет лица | Atomy Russia,,1000,900,4000,"Aqua/water/eau, glycerin, propanediol, oryza sativa (rice) germ extract, niacinamide, hippophae rhamnoides fruit extract, methylpropanediol, glutathione, bifida ferment lysate, panthenol, centella asiatica extract, ficus carica (fig) fruit extract, cetraria islandica extract, camellia sinensis leaf extract, phellinus linteus extract, hydrogenated lecithin, betaine, polyglyceryl-10 laurate, acrylates/c10-30 alkyl acrylate crosspolymer, tromethamine, allantoin, disodium edta, ceramide np, 1,2-hexanediol, fragrance(parfum), hydroxyacetophenone.",https://www.atomy.ru/product/R00466,RUB,RU,https://www.atomy.ru/category?dispCtgNo=2504003386&sortType=POPULAR
R00467,Атоми Дейли Маска Питание и Упругость | Atomy Russia,,1000,900,4000,"Aqua/water/eau, dipropylene glycol, aloe barbadensis leaf extract, betaine, soluble collagen, oligopeptide-1, camellia sinensis leaf extract, saccharomyces ferment filtrate, bifida ferment lysate, panthenol, adenosine, centella asiatica extract, ficus carica (fig) fruit extract, cetraria islandica extract, phellinus linteus extract, hydrogenated lecithin, polyglyceryl-10 laurate, carbomer, tromethamine, allantoin, disodium edta, ceramide np, 1,2-hexanediol, fragrance(parfum), hydroxyacetophenone.",https://www.atomy.ru/product/R00467,RUB,RU,https://www.atomy.ru/category?dispCtgNo=2504003386&sortType=POPULAR
R00471,Атоми Нежная эко-пенка для умывания | Atomy Russia,,900,800,4500,"Water, cocamidopropyl betaine, camellia sinensis leaf water, decyl glucoside, lauryl glucoside, sodium lauryl glucose carboxylate, sodium benzoate, citric acid, citrus grandis (grapefruit) fruit extract, hamamelis virginiana flower water.",https://www.atomy.ru/product/R00471,RUB,RU,https://www.atomy.ru/category?dispCtgNo=2504003386&sortType=POPULAR
R00481,Атоми Майлд Клензинг | Atomy Russia,,1300,1200,6000,"Aqua/water/eau, butylene glycol, peg-6 caprylic/capric glycerides, dipropylene glycol, ulmus davidiana root extract, amaranthus caudatus seed extract, centella asiatica extract, ficus carica (fig) fruit exiract, lippia citriodora leaf extract, phellinus linteus/rice ferment extract, lavandula angustifolia (lavender) extract, rosmarinus officinalis (rosemary) leaf extract, althaea officinalis leaf/root extract, ocimum basilicum (basil) flower/leaf extract, houttuynia cordata extract, anthemis nobilis flower extract, foeniculum vulgare (fennel) fruit extract, citrus madurensis fruit extract, camellia sinensis leaf water, anthemis nobilis flower water, pyrus malus (apple) fruit water, hydrogenated lecithin, sodium citrate, disodium edta, citric acid, ceramide np, fragrance(parfum), phenoxyethanol, ethylhexylglycerin, limonene, hexyl cinnamal, linalool, benzyl benzoate.",https://www.atomy.ru/product/R00481,RUB,RU,https://www.atomy.ru/category?dispCtgNo=2504003386&sortType=POPULAR
R00482,Атоми Гидрофильное масло | Atomy Russia,,1900,1700,8500,"Ethylhexyl palmitate, cetearyl ethylhexanoate, sorbeth-30 tetraoleate, polybutene, helianthus annuus (sunflower) seed oil, dicaprylyl ether, isohexadecane, hydrogenated polydecene, isononyl isononanoate, sorbitan sesquioleate, caprylic/capric triglyceride, undecane, bis-ethoxydiglycol cyclohexane 1,4- dicarboxylate, tridecane, 1,2-hexanediol, fragrance, pentaerythrityl tetra-di-t-butyl hydroxyhydrocinnamate, argania spinosa kernel oil, camellia japonica seed oil, camellia sinensis seed oil, macadamia integrifolia seed oil, olea europaea (olive) fruit oil, simmondsia chinensis (jojoba) seed oil, moringa oleifera seed oil, monascus extract, tocopherol, water, butylene glycol, oenothera biennis (evening primrose) flower extract, pinus palustris leaf extract, pueraria lobata root extract, ulmus davidiana root extract, oryza sativa (rice) germ extract.",https://www.atomy.ru/product/R00482,RUB,RU,https://www.atomy.ru/category?dispCtgNo=2504003386&sortType=POPULAR
R00483,Атоми Спрей мгновенной красоты | Atomy Russia,,1300,1200,6000,"Laurus nobilis leaf water, 1,2-hexanediol, Glycerin, Caprylic/capric triglyceride, Water, Hydrogenated lecithin, Ceramide NP, Cholesterol",https://www.atomy.ru/product/R00483,RUB,RU,https://www.atomy.ru/category?dispCtgNo=2504003386&sortType=POPULAR
R00485,Атоми Двухфазное средство для снятия макияжа | Atomy Russia,,1100,1000,4500,"Water, isohexadecane, isododecane, pentylene glycol, methylpropanediol, caprylic/capric triglyceride, sodium chloride, hydroxyacetophenone, centaurea cyanus flower water, dipotassium glycyrrhizate, allantoin, sodium citrate, pentaerythrityl tetra-di-t-butyl hydroxyhydrocinnamate, caprylyl/capryl glucoside, anthemis nobilis flower extract, ethylhexylglycerin, citric acid, propylene glycol, camellia sinensis leaf water, butylene glycol, melia azadirachta leaf extract, melia azadirachta flower extract, polyquaternium-51, 1,2-hexanediol, coccinia indica fruit extract, aloe barbadensis flower extract, solanum melongena (eggplant) fruit extract, simmondsia chinensis (jojoba) seed oil, phenoxyethanol, corallina officinalis extract, curcuma longa (turmeric) root extract, ocimum sanctum leaf extract, tocopherol.",https://www.atomy.ru/product/R00485,RUB,RU,https://www.atomy.ru/category?dispCtgNo=2504003386&sortType=POPULAR
R00486,Атоми Абсолют сыворотка-мист | Atomy Russia,,2000,1800,12000,,https://www.atomy.ru/product/R00486,RUB,RU,https://www.atomy.ru/category?dispCtgNo=2504003386&sortType=POPULAR
R00490,Атоми Крем-мист | Atomy Russia,,1450,1300,8000,"Water, propanediol, pentylene glycol, glycerin, diphenyl dimethicone, triethylhexanoin, betaine, trehalose, centella asiatica extract, ficus carica (fig) fruit extract, polyglyceryl-10 myristate, octyldodeceth-16, hydroxyacetophenone, camellia sinensis leaf water, butylene glycol, goat milk extract, sodium citrate, ethylhexylglycerin, eclipta prostrata leaf extract, laminaria japonica extract, citric acid, methylpropanediol, hydrogenated lecithin, dipotassium glycyrrhizate, disodium EDTA, 1,2-hexanediol, rose extract, vanilla planifolia fruit extract, pimpinella anisum (anise) fruit extract, amaranthus caudatus seed extract, ulmus davidiana root extract, avena sativa (oat) kernel extract, cynara scolymus (artichoke) leaf extract, polyquaternium-51, beta-glucan, pyrus communis (pear) fruit extract, ceramide np, fructooligosaccharides, hedera helix (ivy) leaf/stem extract, hydrolyzed hyaluronic acid, santalum album (sandalwood) wood extract.",https://www.atomy.ru/product/R00490,RUB,RU,https://www.atomy.ru/category?dispCtgNo=2504003386&sortType=POPULAR
R00528,Атоми Шампунь и гель для душа для мужчин | Atomy Russia,,1550,1400,6000,"Aqua/water/eau, potassium laurate, disodium cocoamphodiacetate, sodium myristoyl sarcosinate, lauryl hydroxysultaine, potassium myristate, lauryl betaine, 1,2-hexanediol, fragrance(parfum), althaea officinalis leaf/root extract, ocimum basilicum (basil) flower/leaf extract, houttuynia cordata extract, anthemis nobilis flower extract, foeniculum vulgare (fennel) leaf extract, centella asiatica extract, monarda didyma leaf extract, commiphora myrrha resin extract, usnea barbata (lichen) extract, sodium chloride, propanediol, disodium edta.",https://www.atomy.ru/product/R00528,RUB,RU,https://www.atomy.ru/category?dispCtgNo=2504003371&sortType=POPULAR
R00529,Атоми Очищение для мужчин | Atomy Russia,,1000,900,4000,,https://www.atomy.ru/product/R00529,RUB,RU,https://www.atomy.ru/category?dispCtgNo=2504003386&sortType=POPULAR
R00549,Атоми Фэйм Дорожный набор | Atomy Russia,,3500,3200,14000,"Aqua/water/eau, pyrus malus (apple) fruit water, betaine, glycerin, 1,2-hexanediol, methylpropanediol, houttuynia cordata extract, lavandula angustifolia (lavender) extract, rosmarinus officinalis (rosemary) leaf extract, ocimum basilicum (basil) flower/leaf extract, anthemis nobilis flower extract, foeniculum vulgare (fennel) fruit extract, centella asiatica extract, ficus carica (fig) fruit extract, diospyros kaki leaf extract, portulaca oleracea extract, laminaria japonica extract, eclipta prostrata leaf extract, phellinus linteus extract, cordyceps sinensis extract, sparassis crispa extract, ulmus davidiana root extract, amaranthus caudatus seed extract, camellia sinensis leaf extract, camellia sinensis leaf water, aloe barbadensis leaf juice, hydrogenated lecithin, argania spinosa kernel oil, sodium hyaluronate, polyglyceryl-10 laurate, carbomer, dipropylene glycol, diphenyl dimethicone, triethylexanoin, tromethamine, butylene glycol, panthenol, biosaccharide gum-1, tocopheryl acetate, beta glucan, dimethicone, squalane, hydrogenated polyisobutene, dipotassium glycyrrhizate, bifida ferment lysate, polyglyceryl- 10 myristate, isononyl isononandate, polyglyceryl-10 stearate, disodium edta, caprylic/capric triglyceride, cetearyl alcohol, stearic acid, butyrospermum park shea butter, polyglyceryl-2 dipolyhydroxystearate, fructooligosaccharides, lecithin, cellulose gum, ceramide np. Hydrovized hyaluronic acid, inulin lauryl carbamate, disodium steardyl glutamate sodium hyaluronate crosspolymer, hvaluronic acid, palmitoyl pentapeptide 4, hydrolyzed sodium hyalurginate polysorbate 20, fragranance, pentylene glycol, ethylmexylglicerin.",https://www.atomy.ru/product/R00549,RUB,RU,https://www.atomy.ru/category?dispCtgNo=2504003386&sortType=POPULAR
R00553,Атоми Дорожный Набор 6 | Atomy Russia,,1000,900,3000,,https://www.atomy.ru/product/R00553,RUB,RU,https://www.atomy.ru/category?dispCtgNo=2504003386&sortType=POPULAR
R00746,Атоми Тонер для Мужчин | Atomy Russia,,1550,1400,9000,"Water, althaea officinalis leaf/root extract, anthemis nobilis flower extract, foeniculum vulgare (fennel) leaf extract, houttuynia cordata extract, ocimum basilicum (basil) flower/leaf extract, propanediol, centella asiatica extract, 1,2-hexanediol, fragrance, hydroxyacetophenone, ficus carica (fig) fruit extract, glyceryl glucoside, butylene glycol, c12-14 pareth-12, ethylhexylglycerin, octyldodeceth-16, disodium edta, carbomer, tromethamine, hydrogenated lecithin, glycerin, amaranthus caudatus seed extract, ulmus davidiana root extract, ceramide np, limonene, linalool, benzyl salicylate, hydrogenated lecithin, beta-glucan, cellulose gum, disodium edta, sodium hyaluronate, acmella oleracea extract, hydrolyzed hyaluronic acid, amaranthus caudatus seed extract, ulmus davidiana root extract, pentylene glycol, myristic acid, ceramide np, sodium hyaluronate crosspolymer, hyaluronic acid, hydrolyzed sodium hyaluronate.",https://www.atomy.ru/product/R00746,RUB,RU,https://www.atomy.ru/category?dispCtgNo=2504003371&sortType=POPULAR
R00749,Атоми Набор для мужчин | Atomy Russia,,4900,4400,33000,"Water, althaea officinalis leaf/root extract, anthemis nobilis flower extract, foeniculum vulgare (fennel) leaf extract, houttuynia cordata extract, ocimum basilicum (basil) flower/leaf extract, propanediol, centella asiatica extract, 1,2-hexanediol, fragrance, hydroxyacetophenone, ficus carica (fig) fruit extract, glyceryl glucoside, butylene glycol, c12-14 pareth-12, ethylhexylglycerin, octyldodeceth-16, disodium edta, carbomer, tromethamine, hydrogenated lecithin, glycerin, amaranthus caudatus seed extract, ulmus davidiana root extract, ceramide np, limonene, linalool, benzyl salicylate, hydrogenated lecithin, beta-glucan, cellulose gum, disodium edta, sodium hyaluronate, acmella oleracea extract, hydrolyzed hyaluronic acid, amaranthus caudatus seed extract, ulmus davidiana root extract, pentylene glycol, myristic acid, ceramide np, sodium hyaluronate crosspolymer, hyaluronic acid, hydrolyzed sodium hyaluronate.",https://www.atomy.ru/product/R00749,RUB,RU,https://www.atomy.ru/category?dispCtgNo=2504003371&sortType=POPULAR
R00755,Атоми Гидра Сияние Эссенция | Atomy Russia,,1900,1700,12000,"Hippophae rhamnoides fruit extract, betula platyphylla japonica juice, glycerin, methylpropanediol, niacinamide, 1,2-hexanediol, centella asiatica extract, ficus carica (fig) fruit extract, eclipta prostrata leaf extract, laminaria japonica extract, carbomer, mannitol, tromethamine, hydroxyacetophenone, cellulose, myrothamnus flabellifolia leaf/stem extract, rosa gallica flower extract, ethylhexylglycerin, fragrance (parfum), hydrogenated lecithin, disodium edta, fructooligosaccharides, octyldodeceth-16, beta-glucan, betaine, inositol, trehalose, butylene glycol, propanediol, aqua/water/eau, hydrolyzed hyaluronic acid, ceramide np, hydroxypropyl methylcellulose, ascorbic acid, citric acid, tocopheryl acetate.",https://www.atomy.ru/product/R00755,RUB,RU,https://www.atomy.ru/category?dispCtgNo=2504003386&sortType=POPULAR
R00756,Атоми Гидра Сияние Крем | Atomy Russia,,1750,1600,11000,"Hippophae rhamnoides fruit extract, betula platyphylla japonica juice, glycerin, hydrogenated polyisobutene, methylpropanediol, cetearyl ethylhexanoate, niacinamide, 1,2-hexanediol, cetyl alcohol, butyrospermum parkii (shea) butter, dimethicone, glyceryl stearate se, polyglyceryl-3 methylglucose distearate, eclipta prostrata leaf extract, laminaria japonica extract, palmitic acid, methyl trimethicone, stearic acid, fragrance(parfum), centella asiatica extract, ficus carica (fig) fruit extract, butylene glycol, acmella oleracea extract, inositol, trehalose, myrothamnus flabellifolia leaf/stem extract, rosa gallica flower extract, camellia sinensis leaf water, propanediol, allantoin, fructooligosaccharides, aqua/water/eau, hydrogenated lecithin, disodium edta, beta-glucan, carbomer, sodium stearoyl glutamate, tromethamine, sodium hyaluronate, hydrolyzed hyaluronic acid, myristic acid, raffinose, folic acid, ceramide np, cyanocobalamin, ascorbic acid, citric acid, panthenol, palmitoyl pentapeptide-4.",https://www.atomy.ru/product/R00756,RUB,RU,https://www.atomy.ru/category?dispCtgNo=2504003386&sortType=POPULAR
R00757,Атоми Гидра Сияние Набор | Atomy Russia,,3400,3100,23000,,https://www.atomy.ru/product/R00757,RUB,RU,https://www.atomy.ru/category?dispCtgNo=2504003386&sortType=POPULAR
R00776,Атоми Центелла Тонер | Atomy Russia,,1450,1300,10000,"Centella asiatica extract, houttuynia cordata extract, althaea officinalis leaf extract, anthemis nobilis flower extract, foeniculum vulgare (fennel) leaf extract, lavandula angustifolia (lavender) extract, ocimum basilicum (basil) extract, rosmarinus officinalis (rosemary) extract, propylene glycol, pentylene glycol, propanediol, portulaca oleracea extract, water, glycerin, diphenyl dimethicone, triethylhexanoin, eclipta prostrata leaf extract, laminaria japonica extract, methylpropanediol, polyglyceryl-10 myristate, raffinose, butylene glycol, ethylhexylglycerin, acrylates/c10-30 alkyl acrylate crosspolymer, tromethamine, disodium edta, 1,2-hexanediol, beta-glucan, hydrogenated lecithin, polyquaternium-51, avena sativa (oat) kernel extract, cynara scolymus (artichoke) leaf extract, pteris multifida extract, fructooligosaccharides, hydrolyzed hyaluronic acid, sodium DNA.",https://www.atomy.ru/product/R00776,RUB,RU,https://www.atomy.ru/category?dispCtgNo=2504003386&sortType=POPULAR
R00778,Атоми Центелла Крем | Atomy Russia,,1900,1700,12000,"Centella asiatica extract, glycerin, houttuynia cordata extract, diglycerin, methylpropanediol, phenyl trimethicone, althaea officinalis leaf extract, anthemis nobilis flower extract, foeniculum vulgare (fennel) leaf extract, lavandula angustifolia (lavender) extract, ocimum basilicum (basil) extract, rosmarinus officinalis (rosemary) extract, dicaprylyl carbonate, dicaprylyl ether, polyglyceryl-3 methylglucose distearate, isostearyl alcohol, water, butylene glycol cocoate, glyceryl stearate, methyl trimethicone, portulaca oleracea extract, candida bombicola/glucose/methyl rapeseedate ferment, 1,2-hexanediol, madecassoside, eclipta prostrata leaf extract, laminaria japonica extract, acrylates/c10-30 alkyl acrylate crosspolymer, ammonium acryloyldimethyltaurate/vp copolymer, butylene glycol, ficus carica (fig) fruit extract, dipropylene glycol, tromethamine, sodium stearoyl glutamate, xanthan gum, disodium edta, allantoin, ethylcellulose, ethylhexylglycerin, hydrogenated lecithin, fructooligosaccharides, macadamia ternifolia seed oil, amaranthus caudatus seed extract, beta-glucan, ulmus davidiana root extract, ceramide np, ethoxydiglycol, hydrolyzed hyaluronic acid, asiaticoside, asiatic acid, madecassic acid, phytosphingosine, helianthus annuus (sunflower) seed oil, sodium DNA.",https://www.atomy.ru/product/R00778,RUB,RU,https://www.atomy.ru/category?dispCtgNo=2504003386&sortType=POPULAR
R00779,Атоми Центелла Гель для умывания | Atomy Russia,,1300,1200,8000,"Water, potassium cocoyl glycinate, disodium cocoamphodiacetate, acrylates copolymer, disodium laureth sulfosuccinate, glycerin, sodium chloride, 1,2-hexanediol, citric acid, ethylhexylglycerin, centella asiatica extract, ficus carica (fig) fruit extract, prunus amygdalus amara (bitter almond) kernel oil, acmella oleracea extract, chamaecyparis obtusa water, decylene glycol, tromethamine, camellia sinensis leaf extract, hexylene glycol, butylene glycol, disodium edta, pyrus malus (apple) leaf extract, jasminum officinale (jasmine) extract, vanilla planifolia fruit extract, houttuynia cordata extract, polyglyceryl-10 laurate, hydrogenated lecithin, althaea officinalis leaf extract, anthemis nobilis flower extract, foeniculum vulgare (fennel) leaf extract, lavandula angustifolia (lavender) extract, ocimum basilicum (basil) extract, rosmarinus officinalis (rosemary) extract, amaranthus caudatus seed extract, ulmus davidiana root extract, portulaca oleracea extract, torreya nucifera seed oil, ceramide np, sodium DNA.",https://www.atomy.ru/product/R00779,RUB,RU,https://www.atomy.ru/category?dispCtgNo=2504003386&sortType=POPULAR
R00780,Атоми Успокаивающий Солнцезащитный Стик для лица | Atomy Russia,,1100,1000,5000,"Ethylhexyl palmitate, isopropyl palmitate, polyethylene, c12-15 alkyl benzoate, titanium dioxide, synthetic fluorphlogopite, methyl methacrylate crosspolymer, polymethylsilsesquioxane, phenyl trimethicone, butylene glycol dicaprylate/dicaprate, caprylyl methicone, ozokerite, aluminum stearate, polyhydroxystearic acid, calamine, caprylic/capric triglyceride, alumina, citrus aurantium dulcis (orange) oil, polyglyceryl-4 diisostearate/ polyhydroxystearate/sebacate, triethoxycaprylylsilane, citrus nobilis (mandarin orange) peel oil, dehydroacetic acid, stearic acid, litsea cubeba fruit oil, chamaecyparis obtusa water, aloe barbadensis leaf extract, althaea rosea flower extract.",https://www.atomy.ru/product/R00780,RUB,RU,https://www.atomy.ru/category?dispCtgNo=2504003388&sortType=POPULAR
R01235,Атоми Суперэнергия и Увлажнение для мужчин | Atomy Russia,,2000,1800,13000,"Water, methylpropanediol, cyclopentasiloxane, 1,2-hexanediol, ethylhexyl stearate, glycerin, niacinamide, cetearyl alcohol, polysorbate 60, dimethicone, glyceryl stearate, sorbitan stearate, cellulose gum, fragrance, centella asiatica extract, palmitic acid, stearic acid, hydrogenated coconut oil, althaea officinalis leaf/root extract, anthemis nobilis flower extract, foeniculum vulgare (fennel) leaf extract, houttuynia cordata extract, ocimum basilicum (basil) flower/leaf extract, ficus carica (fig) fruit extract, eclipta prostrata leaf extract, laminaria japonica extract, butylene glycol, ethylhexylglycerin, hydrogenated palm kernel oil, tocopheryl acetate, adenosine, hydrogenated palm oil, disodium edta, hydrogenated lecithin, tromethamine, carbomer, acmella oleracea extract, saccharide isomerate, fructooligosaccharides, amaranthus caudatus seed extract, ulmus davidiana root extract, panthenol, beta-glucan, myristic acid, raffinose, ceramide np, hydrolyzed hyaluronic acid, folic acid, cholesterol, palmitoyl pentapeptide-4.",https://www.atomy.ru/product/R01235,RUB,RU,https://www.atomy.ru/category?dispCtgNo=2504003386&sortType=POPULAR
R01422,Атоми Тушь Сила Объема | Atomy Russia,,1300,1200,6000,"Water, acrylates copolymer, iron oxides(ci 77499), copernicia cerifera (carnauba) wax, beeswax, c14-22 alcohols, palmitic acid, acacia senegal gum, cellulose, hydrogenated polyisobutene, methylpropanediol, 1,2-hexanediol, stearic acid, paraffin, pentylene glycol, tromethamine, alcohol, acrylates/octylacrylamide copolymer, c12-20 alkyl glucoside, jojoba esters, dimethicone, hydroxyethyl cellulose, ethylhexylglycerin, sodium dehydroacetate, myristic acid, glucose, disodium phosphate, glycine soja (soybean) seed extract, polysorbate 60, rubus fruticosus (blackberry) fruit, extract, sodium phosphate.",https://www.atomy.ru/product/R01422,RUB,RU,https://www.atomy.ru/category?dispCtgNo=2504003387&sortType=POPULAR
R01440,Атоми Подводка-фломастер для глаз | Atomy Russia,,1000,900,4000,"Water, acrylates copolymer, carbon black, methylpropanediol, Laureth-21, 1,2-hexanediol, Alcohol, pentylene glycol, peg-40 hydrogenated castor oil, Phenoxyethanol, Sodium dehydroacetate, citric acid, glycine soja (soybean) seed extract, nigella sativa seed extract, pullulan.",https://www.atomy.ru/product/R01440,RUB,RU,https://www.atomy.ru/category?dispCtgNo=2504003387&sortType=POPULAR
R01505,Атоми Пилинг пэды | Atomy Russia,,1300,1200,5000,,https://www.atomy.ru/product/R01505,RUB,RU,https://www.atomy.ru/category?dispCtgNo=2504003386&sortType=POPULAR
R01513,Атоми Абсолют Ночная маска 24к золото | Atomy Russia,,3500,3200,20000,"Aqua/water/eau, glycerin, crocus sativus flower extract, dimethicone, 1,2-hexanediol, propanediol, isononyl isononanoate, niacinamide, betaine, bis ethoxydiglycol cyclohexane 1,4- dicarboxylate, leucojum aestivum bulb extract, laminaria japonica extract, eclipta prostrata leaf extract, tromethamine, carbomer, acrylates/c 10-30 alkyl acrylate crosspolymer, ethylhexylglycerin, butylene glycol, fragrance (parfum), centella asiatica extract, ficus carica (fig) fruit extract, gold, withania somnifera root extract, glyceryl acrylate /acrylic acid copolymer, adenosine, fructooligosaccharides, disodium edta, hydrogenated lecithin, beta-glucan, melia azadirachta flower extract, pichia ferment lysate filtrate, caprylyl glycol, melia azadirachta leaf extract, camellia sinensis leaf water, hydrolyzed hyaluronic acid, curcuma longa (turmeric) root extract, ocimum sanctum leaf extract, corallina officinalis extract, ceramide np, raffinose, pentylene glycol, tocopherol, panthenol, cholesterol, hydrolyzed lupine protein, acetyl hexapeptide-8, copper tripeptide 1, palmitoyl tetrapeptide-7, nonapeptide 1, tripeptide- 1, palmitóyl pentapeptide-4, palmitovl tripeptide-1, hexapeptide-9, maltodextrin, lactic acid/ glycolic acid copolymer, polyvinyl alcohol, lysine, palmitic acid, serine, alanine, threonine, glycine, glutamine, arginine, proline, histidine.",https://www.atomy.ru/product/R01513,RUB,RU,https://www.atomy.ru/category?dispCtgNo=2504003386&sortType=POPULAR
R01523,Атоми Абсолют Гидра бальзам | Atomy Russia,,1750,1600,9000,"Nymphaea caerulea flower water, butylene glycol propylene glycol, glycerin, sodium stearate,glycereth-26, aqua/water/eau,niacinamide, 1,2-hexanediol, sodium chloride, penilene glycol, polymethylsilsesquioxane, zanthoxylum bungeanum fruit extract,narcissus tazetta bulb extract,malachite extract, clitoria ternatea flower extract,centella asiatica extract, vaccinium macrocarpon (cranberry) fruit extract, sodium hyaluronate, hydrogenated lecithin, camellia sinensis leaf water,saponins, oleyl alcohol,disteareth-100 ipdi,citric acid, octyldodeceth-16, sodium citrate, polyacrylate crosspolymer-6, ethylhexylglyce rin adenosine, pichia ferment lysate filtrate, propanediol, raffinose, panthenol collagen, cholesterol, hydrolyzed lupine protein tocopherol, ceramide np caprylic/ capric triglyceride hydrolyzed collagen, dipotassium phosphate, tromethamine, polyglyceryl-10 stearate.glycine.potassium phosphate arginine, glutamic acid oligopeptide-i,lactic acid glycolic acid copolymer polyvinyl alcohol alanine palmitic acid, isoleucine serine proline, tyrosine, glutamine, lysine. Valine, aspartic acid, palmitonl tripeptide 5, heapeptide 9, fragrance (parfum) sodium benzoate, potassium sorbate.",https://www.atomy.ru/product/R01523,RUB,RU,https://www.atomy.ru/category?dispCtgNo=2504003386&sortType=POPULAR
R01539,Атоми Акропасс (5 упаковок) | Atomy Russia,,5500,5000,30000,"Hydrolyzed hyaluronic acid, ascorbyl glucoside, glycerin, purified water, sodium hydroxide, palmitoyi tripeptide-5, acetyl octapeptide-3, arginine, lysine polypeptide.",https://www.atomy.ru/product/R01539,RUB,RU,https://www.atomy.ru/category?dispCtgNo=2504003386&sortType=POPULAR
R01555,Атоми Фреш солнцезащитный лосьон | Atomy Russia,,2900,2600,13000,,https://www.atomy.ru/product/R01555,RUB,RU,https://www.atomy.ru/category?dispCtgNo=2504003388&sortType=POPULAR
R04703,Аделика Консилер | Atomy Russia,,1300,1200,6500,"Aqua/water/eau, titanium dioxide, isododecane, cyclopentasiloxane, butylene glycol, dipropylene glycol, hydrogenated poly(c6-14 olefin), iron oxides(ci 77492), lauryl peg-10 tris(trimethyl-siloxy) silylethyl dimethicone, niacinamide, zinc oxide, disteardimonium hectorite, peg-10 dimethicone, polymethylsilsesqui-oxane, magnesium sulfate, iron oxides(ci 77491), aluminum hydroxide, triethoxy- caprylylsilane, cetyl dimethicone, microcrystalline wax, iron oxides(ci77499), caprylyl glycol, glyceryl caprylate, palmitic acid, ethylhexylglycerin, fragrance(parfum), myristic acid, stearic acid, centella asiatica extract, magnesium/potassium/ silicon/fluoride/hydroxide/oxide, boron nitride, hordeum vulgare leaf extract, synthetic fluorphlogopite, silica, triticum vulgare (wheat) sprout extract, tocopherol, camellia sinensis leaf extract, isopropyl titanium triisostearate, tin oxide.",https://www.atomy.ru/product/R04703,RUB,RU,https://www.atomy.ru/category?dispCtgNo=2504003387&sortType=POPULAR
R04705,Аделика Румяна | Atomy Russia,,2200,2000,11000,"Talc, mica, nylon-12, diphenylsiloxy phenyl trimethicone, magnesium myristate, titanium dioxide, silica, aluminum starch octenylsuccinate, polyglyceryl-2 triisostearate, triethoxycaprylylsilane, iron oxides(ci 77491), 1,2-hexanediol, glyceryl caprylate, iron oxides(ci 77499), lauroyl lysine, red 7(ci 15850:1), ultramarines(ci 77007), fragrance(parfum), iron oxides(ci 77492), butylene glycol, magnesium/potassium/silicon/fluoride/hydroxide/oxide, boron nitride, synthetic fluorphlogopite, isopropyl titanium triisostearate, myristic acid, rosa gallica flower extract, tin oxide.",https://www.atomy.ru/product/R04705,RUB,RU,https://www.atomy.ru/category?dispCtgNo=2504003387&sortType=POPULAR
R04707,Аделика Бронзер | Atomy Russia,,2200,2000,11000,"talc, mica, pentaerythrityl tetraethylhexanoate, nylon-12, diisostearyl malate, magnesium stearate, titanium dioxide, iron oxides(ci 77492), aminopropyl dimethicone, 1,2-hexanediol, polymethylsilsesquioxane, iron oxides(ci 77491), iron oxides(ci 77499), glyceryl caprylate, alumina, triethoxycaprylylsilane, silica, butylene glycol, magnesium/potassium/silicon/fluoride/hydroxide/oxide, boron nitride, synthetic fluorphlogopite, isopropyl titanium triisostearate, myristic acid, rosa gallica flower extract, tin oxide.",https://www.atomy.ru/product/R04707,RUB,RU,https://www.atomy.ru/category?dispCtgNo=2504003387&sortType=POPULAR
R04715,Аделика Тушь для объема ресниц | Atomy Russia,,1300,1200,6500,"Water, acrylates copolymer, copernicia cerifera (carnauba) wax, iron oxides(ci77499), beeswax, hydrogenated polyisobutene, c14-22 alcohols, palmitic acid, acacia senegal gum, methylpropanediol, microcrystalline cellulose, 1,2-hexanediol, stearic acid, pentylene glycol, tromethamine, alcohol, paraffin, octylacrylamide copolymer, c12-20 alkyl glucoside, centella asiatica extract, ficus carica (fig) fruit extract, dimethicone, hydroxyethylcellulose, ethylhexylglycerin, glycine soja (soybean) seed extract, sodium dehydroacetate, dipotassium glycyrrhi-zate, hydrogenated lecithin, myristic acid, althaea officinalis leaf/root extract, anthemis nobilis flower extract, foeniculum vulgare (fennel) leaf extract, houttuynia cordata extract, ocimum basilicum (basil) flower/leaf extract, glucose, ceramide np, disodium phosphate, polysorbate 60, magnesium/potassium/ silicon/fluoride/ hydroxide/oxide, boron nitride, synthetic fluorphlogopite, titanium dioxide, silica, sodium phosphate isopropyl titanium triisostearate, tin oxide.",https://www.atomy.ru/product/R04715,RUB,RU,https://www.atomy.ru/category?dispCtgNo=2504003387&sortType=POPULAR
R04721,Аделика Карандаш для бровей | Atomy Russia,,800,700,4000,"Caprylic/Capric Triglyceride, polyethylene, isodecyli Neopentanoate, Iron oxides (ci 77499), ceresin, iron oxides (ci 77492), Copernicia cerifera (carnauba) Wax, phytosteryl/ Isostearyl/ Cetyl/stearyl/ Behenyl dimer dilinoleate, Titanium Dioxide, mica, dipentaeryth- Rityl Hexahydrox- Ystearate/ Hexastearate/ Hexarosinate, iron oxides (ci 77491), zinc stearate, dehydroacet-icacid, water, butylene glycol, rubus fruticosus (blackberry) fruit extract.",https://www.atomy.ru/product/R04721,RUB,RU,https://www.atomy.ru/category?dispCtgNo=2504003387&sortType=POPULAR
R04724,Аделика Цветной блеск для губ | Atomy Russia,,1100,1000,6000,"Methyl hydrogenated rosinate, dipentaerythrityl hexahydroxystearate/ hexastearate/hexarosinate, tridecyl trimellitate, dimethicone, hydrogenated polyisobutene, diphenylsiloxy phenyl trimethicone, diisostearyl malate, ceresin, macadamia seed oil polyglyceryl-6 esters behenate, synthetic wax, polyglyceryl-2 triisostearate, polyglyceryl-6 polyricinoleate, sorbitan sesquioleate, polyhydroxystearic acid, yellow 6 lake(ci 15985), ci 45410, ethylhexyl palmitate, isopropyl myristate, isostearic acid, lecithin, polyglyceryl-3 polyricinoleate, fragrance, red 7 lake, dehydroacetic acid, helianthus annuus (sunflower) seed oil, oenothera bieninis (evening primrose) oil, prunus amygdalus dulcis (sweet almond) oil, magnesium/ potassium/silicon/fluoride/ hydroxide/oxide, titanium/ titanium dioxide, boron nitride, synthetic fluorphlogopite, titanium dioxide, silica, butylene glycol, isopropyl titanium triisostearate, myristic acid, tin oxide, rosa gallica flower extract.",https://www.atomy.ru/product/R04724,RUB,RU,https://www.atomy.ru/category?dispCtgNo=2504003387&sortType=POPULAR
R04727,Аделика 3Д Хайлайтер | Atomy Russia,,2200,2000,11000,,https://www.atomy.ru/product/R04727,RUB,RU,https://www.atomy.ru/category?dispCtgNo=2504003387&sortType=POPULAR
R04744,Аделика Рассыпчатая пудра для лица | Atomy Russia,,2300,2100,13000,"Silica, 1,2-hexanediol, manganese violet, glyceryl caprylate, allantoin, centaurea cyanus flower extract, lactobacillus/milk ferment filtrate, butylene glycol, magnesium/potassium/silicon/fluoride/hydroxide/oxide, boron nitride, synthetic fluorphlogopite, titanium dioxide, ethoxydiglycol, isopropyl titanium triisostearate, myristic acid, totarol, tin oxide, silica, 1,2-hexanediol, glyceryl caprylate, ultramarines(ci 77007), iron oxides(ci 77499), allantoin, centaurea cyanus flower extract, lactobacillus/milk ferment filtrate, butylene glycol, magnesium/potassium/ silicon/fluoride/hydroxide/oxide, boron nitride, triethoxycaprylylsilane, synthetic fluorphlogopite, titanium dioxide, ethoxydiglycol, isopropyl titanium triisostearate, myristic acid, totarol, tin oxide.",https://www.atomy.ru/product/R04744,RUB,RU,https://www.atomy.ru/category?dispCtgNo=2504003387&sortType=POPULAR
R04749,Аделика Помада для губ Классик | Atomy Russia,,1650,1500,10000,"Polyglyceryl-2 triisostearate, hydrogenated polydecene, synthetic wax, caprylic/capric triglyceride, pentaerythrityl tetraisostearate, macadamia seed oil polyglyceryl-6 esters behenate, diphenylsiloxy phenyl trimethicone, hdi/ trimethylol hexyllactone crosspolymer, diisostearyl malate, hydrogenated polyisobutene, microcrystalline wax, mica, dimethicone, polyisobutene, silica, yellow 6 lake(ci 15985), yellow 5 lake(ci 19140), ethylene/ propylene copolymer, polyglyceryl-6 polyricinoleate, sorbitan sesquioleate, red 7 lake, cetearyl dimethicone crosspolymer, red 6(ci 15850), ci 45410, disteardimonium hectorite, fragrance, propylene carbonate, dehydroacetic acid, méthicone, titanium/titanium dioxide, oenothera biennis (evening primrose) oil, prunus armeniaca (apricot) kernel oil, rubus idaeus (raspberry) seed oil, magnesium/potassium/silicon/ fluoride/hydroxide/oxide, boron nitride, synthetic fluorphlogopite, titanium dioxide, rosa damascena flower oil, butylene glycol, isopropyl titanium triisostear-ate, myristic acid, tin oxide, rosa gallica flower extract.",https://www.atomy.ru/product/R04749,RUB,RU,https://www.atomy.ru/category?dispCtgNo=2504003387&sortType=POPULAR
R04770,Аделика Коллаген Кушон (кушон + рефил 1 шт.) | Atomy Russia,,3300,3000,17000,"Water, Titanium Dioxide (CI 77891), Pheny|propyldimethylsiloxysilicate, Diphenylsiloxy Phenyl Trimethicone, Hydrogenated Polyisobutene, Propylene Glycol Dibenzoate, Lauryl PEG-10 Tris(Trimethy/siloxy/silylethy/ Dimethicone, Propanediol, Octyldodecanol, Butyloctyl Salicylate, Niacinamide, Dextrin Palmitate, Isododecane, C13-15 Alkane, Glycerin, 1,2-Hexanediol, Polybutene, Disteardimonium Hectorite, Capryyl Methicone, Gold (CI 77480)(1ppm), Sodium Hyaluronate, Tuber Magnatum Extract, Leuconostoc/Radish Root Ferment Filtrate, Hydrolyzed Collagen(100ppm), Jasminum Officinale (Jasmine) Flower Extract, Netumbo Nucitera Flower Extract, Freesia Refracta Extract, Iris Versicolor Extract, Leontopodium Alpinum Extract, Lilium Candidum Bulb Extract, Narcissus Pseudonarcissus (Daffodil) Flower Extract, Rosa Damascena Flower Extract, C12-15 Alkyl Benzoate, Trimethylsiloxysilicate, Cetyl PEG/PPG-10/1 Dimethicone, Dimethicone, Butylene Glycol, Acrylates/Polytrimethylsiloxymethacrylate Copolymer, Magnesium Sulfate, VP/Eicosene Copolymer, Stearic Acid, Dimethicone/Vinyl Dimethicone Crosspolymer, Aluminum Hydroxide, Alumina, Triethoxycaprylylsilane, Polyglyceryl-4 Isostearate, Betaine, Adenosine, Isopropyl Titanium Trisostearate, Trisodium Ethylenediamine Disuccinate, Ethylcellulose, Silica, Hydrogenated Lecithin, Tocopherol, Pentaerythrity| Tetra-di-t-butyl Hydroxyhydrocinnamate, Polyquaternium-10, Ceramide NP, Ceramide NS, Cholesterol, Phytosphingosine, Ceramide AP, Ceramide AS, Ethythexylglycerin, Acetyl Hexapeptide 8, Ascorbic Acid Polypeptide, Lauroyl Lysine, Ceramide EOP, Acetyl Octapeptide-3, Acetyl Tetrapeptide- 2, Acetyl Tetrapeptide-3, Acetyl Tetrapeptide 5, Acetyl Tetrapeptide-9, Carosine, Copper Tripeptide 1, Nonapeptide-1, Palmitoy| Pentapeptide 4, Palmitoyl Tripeptide-1, Palmitoyl Tripeptide 5, Ceteary| Alcohol, Fragrance(Parfum), Mica (CI 77019), Iron Oxides (CI 77492), Iron Oxides (CI 77491), tron Oxides (CI 77499).",https://www.atomy.ru/product/R04770,RUB,RU,https://www.atomy.ru/category?dispCtgNo=2504003387&sortType=POPULAR
R70765,Атоми Акне Эксперт Пенка для Умывания | Atomy Russia,,1450,1300,9000,"Disodium cocoamphodiacetate, calendula officinalis flower extract, taraxacum officinale (dandelion) leaf extract, nelumbo nucifera flower water, cocamidopropyl betaine, peg-8, butylene glycol, salicylic acid, water, 1,2-hexanediol, polyglyceryl-10 laurate, citric acid, melaleuca alternifolia (tea tree) leaf oil, centella asiatica extract, ficus carica (fig) fruit extract, houttuynia cordata extract, codonopsis lanceolata root extract, dictamnus dasycarpus root extract, fragaria indica extract, kochia scoparia fruit extract, lithospermum erythrorhizon root extract, phellinus linteus extract, polygonum fagopyrum (buckwheat) seed extract, prunus mume fruit extract, rosin, sophora flavescens root extract, methylpropanediol, althaea officinalis leaf/root extract, anthemis nobilis flower extract, foeniculum vulgare (fennel) leaf extract, lavandula angustifolia (lavender) flower/leaf/stem extract, ocimum basilicum (basil) flower/leaf extract, pyrus malus (apple) fruit water, rosmarinus officinalis (rosemary) extract, acmella oleracea extract, potentilla anemonifolia extract, hydrogenated lecithin, amaranthus caudatus seed extract, ulmus davidiana root extract, undaria pinnatifida extract, ceramide NP.",https://www.atomy.ru/product/R70765,RUB,RU,https://www.atomy.ru/category?dispCtgNo=2504003386&sortType=POPULAR
